id;nome;email;cpf;telefone;senha;ativo;created_at;updated_at
1;Ana Beatriz Souza;ana.beatriz.souza@email.com;450.877.564-45;(44) 98411-8323;d5a8d8c7ab0514e2b8a2f98769281585;1;2025-04-19 23:17:22;2025-04-29 13:48:31
2;Carlos Eduardo Lima;carlos.eduardo.lima@email.com;699.127.657-85;(47) 99089-5370;6dcd0e14f89d67e397b9f52bb63f5570;1;2025-05-25 14:27:54;2025-08-31 21:51:58
3;Mariana Alves;mariana.alves@email.com;951.459.742-66;(46) 98502-5986;428e859901e1b27ec01c7921afc31d98;1;2024-08-13 01:19:20;2025-01-01 14:23:25
4;Roberto Nunes;roberto.nunes@email.com;404.295.235-64;(43) 98816-2346;7bec9c4e6c240015c5dc9a788de26df0;1;2025-04-03 23:51:44;2025-05-14 11:32:16
5;Juliana Prado;juliana.prado@email.com;60835551395;(49) 98468-6191;25d2863bcd839a957aabe84dedcb9e47;1;2024-11-19 09:26:15;2025-06-07 00:14:55
6;Fernando Castro;fernando.castro@email.com;534.910.394-99;(49) 99486-6833;052376a5c812e423250bbde349da5af2;1;2024-06-18 17:30:34;2025-10-02 22:55:45
7;Patricia Gomes;patricia.gomes@email.com;420.807.238-93;(46) 99053-6886;9130a36a491dde6e814d7c169b14ce28;1;20/03/2025 16:58:10;2025-09-27 02:21:57
8;Rafael Moreira;rafael.moreira@email.com;512.641.916-59;;76f36156c09dd929c9b50831f7739105;1;2024-10-29 12:44:41;2025-05-01 00:56:08
9;Camila Ribeiro;camila.ribeiro@email.com;684.179.735-76;(44) 98157-8266;0e5d52a413bf18362fe629d8f794b38a;0;2024-10-28 07:49:56;2025-07-03 04:39:06
10;Bruno Tavares;bruno.tavares@email.com;90435248321;(47) 98293-7858;7f303d0c9b5f40c0ecf101d9441e641a;1;2024-01-14 08:54:56;2024-12-02 17:50:02
11;Leticia Barros;leticia.barros@email.com;543.232.333-62;47996291367;5b21edb8b453d2b4cf6f953c9da89dc4;1;2024-09-07 17:10:31;2025-04-01 16:25:15
12;Marcelo Dias;marcelo.dias@email.com;645.346.679-74;(47) 98164-4026;3021c213f760bfa44ec24c21d236aaa3;1;2025-03-09 00:54:41;2025-05-07 07:24:35
13;Vanessa Rocha;vanessa.rocha@email.com;627.579.253-74;(43) 99267-7259;bb92626e77b8917324e4b70963d436cc;1;15/07/2024;2024-11-03 00:50:41
14;Thiago Martins;thiago.martins@email.com;295.590.348-64;(48) 99925-9220;33b4596a693f837631d98e8fa29ed822;1;15/12/2024 11:59:14;2025-09-03 21:16:02
15;Gabriela Pinto;gabriela.pinto@email.com;15240222413;(49) 98540-1935;b8ea6802b1194bf9d47dcddf68d9cda6;1;2024-01-21 16:46:36;2025-06-16 09:31:48
16;Andre Carvalho;andre.carvalho@email.com;345.190.566-87;;1785d25b8a9e362ddded86b31e9a1959;1;2024-03-25 20:44:22;2025-10-27 00:35:42
17;Renata Freitas;renata.freitas@email.com;;(44) 99273-5648;7e752a0162502d9e60cf4445ce7fe446;S;2025-05-20 00:38:06;2025-10-17 16:07:42
18;Diego Cardoso;diego.cardoso@email.com;479.487.916-95;(48) 99546-9686;3719ba799054903b0733606fab739ac9;1;2024-10-11 15:48:49;2025-10-31 10:58:58
19;Larissa Monteiro;larissa.monteiro@email.com;713.328.357-70;(43) 98049-2028;f16cbb659a41811f0459982996ce22ee;1;2024-02-09 18:41:02;2025-08-24 12:08:21
20;Paulo Henrique Reis;paulo.henrique.reis@email.com;52086232770;(42) 98242-4709;1cec8404229f67125b1b7346217f0945;1;2025-01-01 13:44:26;2025-03-10 15:39:04
21;Aline Correia;aline.correia@email.com;219.599.465-88;(46) 99899-8920;65bf5d40f5577060280d9943be3d6cd1;1;19/03/2025 03:26:06;2025-09-06 10:38:18
22;Gustavo Peixoto;gustavo.peixoto@email.com;856.180.704-23;47990671346;c057b919262771914f28fb651ba11eb3;1;2024-08-15 05:02:24;2025-02-06 08:19:40
23;Simone Vieira;simone.vieira@email.com;919.814.277-60;(48) 98466-3571;0867dd7dbaf6822295f02d582cf90ef5;1;2025-05-08 07:01:52;2025-11-09 13:06:25
24;Rodrigo Antunes;rodrigo.antunes@email.com;130.722.341-39;;62133630df261492b76fa015196f0741;1;2024-01-21 22:33:45;2024-05-09 02:09:32
25;Bianca Teixeira;bianca.teixeira@email.com;42180881443;(49) 98412-7429;d94057b9b09da318664aefdd92d4e802;1;2024-03-27 17:52:11;2025-03-15 02:42:45
26;Eduardo Ramos;eduardo.ramos@email.com;525.560.653-95;(42) 98875-5800;255d4e6652e155f0df8f35af981a1855;1;01/02/2024;2024-05-11 13:21:22
27;Tatiane Lopes;tatiane.lopes@email.com;560.868.668-95;(44) 98099-9799;77818cb4bc8e8ddae0167cef70ed04d9;1;2025-06-06 20:22:25;2025-10-02 09:47:03
28;Felipe Andrade;felipe.andrade@email.com;382.365.308-45;(49) 98209-1842;a446af76e88cc307c2e4965295736ec2;N;16/04/2025 03:17:21;2025-09-04 20:09:12
29;Natalia Cunha;natalia.cunha@email.com;444.294.502-11;(47) 98217-7093;651e2978a66c35744e357214cb49e335;1;2025-01-03 19:53:36;2025-02-19 13:23:20
30;Vinicius Braga;vinicius.braga@email.com;61984257919;(48) 99015-1860;e2734aaeeb82d15c453a630556779b73;1;2024-11-11 21:56:45;2025-05-28 11:31:08
31;Priscila Machado;priscila.machado@email.com;598.994.728-51;(42) 98472-1389;7ae251fb177505ef4064110e6c7eb348;1;2024-03-01 22:44:08;2025-06-03 15:17:47
32;Leonardo Fonseca;leonardo.fonseca@email.com;276.255.581-11;;f632ba0da37b487dcc0c6272c1d6ed81;1;2024-06-03 04:43:02;2025-07-03 09:54:37
33;Carolina Duarte;carolina.duarte@email.com;614.224.141-47;45988016893;cf785f518461b16240f970934b24a128;1;2025-04-02 04:55:41;2025-10-28 10:23:14
34;Alexandre Pires;alexandre.pires@email.com;676.533.210-62;(49) 99114-1648;1ca9fed77ea06565f1db2245f726cc44;S;2024-06-26 08:41:27;2024-12-14 08:53:37
35;Fernanda Neves;fernanda.neves@email.com;64315685721;(49) 98673-9904;c51b39e3aad81f9d9762b5d73a51915a;1;19/11/2024 13:15:44;2025-05-27 14:48:05
36;Ricardo Bastos;ricardo.bastos@email.com;184.269.113-85;(48) 99153-8688;56fe3fa9ff8e6e245c83f16644fd3f93;1;2024-11-17 16:03:20;2025-01-18 15:58:13
37;Monica Salgado;monica.salgado@email.com;990.487.602-94;(46) 98198-2716;9f75bbfd84e6cd20af174b297bd47104;1;2025-04-18 19:16:39;2025-04-20 23:32:57
38;Henrique Padilha;henrique.padilha@email.com;557.483.604-18;(42) 98923-7351;b017dfc6c557849f87101b282cca81f1;1;2024-09-21 21:20:57;2025-04-22 23:01:34
39;Sabrina Coelho;sabrina.coelho@email.com;934.330.542-52;(49) 99656-3871;88d3ff41194c5d1c41f8ee5ba3332bd0;1;04/02/2024;2024-02-16 00:11:59
40;Otavio Belmonte;otavio.belmonte@email.com;63857185916;;dbe9ead9ac559844928bcc623f32ecf9;1;2024-07-15 17:21:21;2024-10-02 14:11:37
41;Daniela Arruda;juliana.prado@email.com;728.878.899-73;(42) 98481-2962;936d2442aa2b50a4ff2b315d58a2a142;1;2024-08-17 13:08:44;2025-09-10 14:30:15
42;Marcio Bittencourt;marcio.bittencourt@email.com;818.187.927-18;(41) 98008-3734;4edb1339ce7191c8c53e6538b02c02ca;1;16/04/2024 23:15:36;2025-10-12 07:20:18
43;Elisa Camargo;elisa.camargo@email.com;330.647.317-84;(46) 99782-9465;12f6e48a12f1a9437c251670d111b0cb;1;2024-06-14 14:04:59;2024-07-22 14:41:07
44;Rogerio Setubal;rogerio.setubal@email.com;254.350.228-26;45987106841;b1da70ff3a4f3a509736309a080ae4d7;1;2024-07-22 21:09:17;2025-01-25 23:00:48
45;Cristiane Aguiar;cristiane.aguiar@email.com;72963276938;(47) 99670-6343;941dfe8e5bfd0dd9d31adc4ccd8f018f;1;2025-07-25 13:43:23;2025-09-12 12:31:55
46;Wagner Toledo;wagner.toledo@email.com;184.614.562-92;(49) 99752-5795;154e9a3b6c92099a19faf05043113683;1;2024-04-21 00:29:00;2024-08-11 04:06:55
47;Isabela Quintana;isabela.quintana@email.com;823.476.597-14;(45) 99787-2436;bcea456455870d918d868510b3136937;1;2024-11-28 01:19:08;2025-04-27 01:53:28
48;Sergio Modesto;sergio.modesto@email.com;870.239.333-90;;9ed7bda6a7fda0222a3ef3aec0f01025;1;2025-02-19 08:45:03;2025-09-15 21:12:46
49;Raquel Vasques;raquel.vasques@email.com;664.787.553-92;(43) 99070-1617;fb39cd47ac67b901cd376cc4a040d220;1;13/02/2024 20:15:55;2024-11-10 15:35:57
50;Joao Pedro Ferraz;joao.pedro.ferraz@email.com;45641164816;(45) 98448-4563;91bff5d7835606b4230263bd8a3dc77a;1;2024-12-10 03:36:54;2025-01-16 01:24:23
51;Luana Sampaio;luana.sampaio@email.com;377.266.242-71;(46) 99884-1253;f510a4a12e4020436c688cdb8a6f9b44;S;2024-09-21 13:55:00;2025-03-21 08:27:13
52;Everton Guimaraes;everton.guimaraes@email.com;;(49) 99819-5136;1fdafaf104a69c5fd1771b6794de6a76;1;02/04/2025;2025-07-15 06:00:28
53;Michele Portela;michele.portela@email.com;380.994.588-87;(45) 99367-7288;225877d4bb957d06d500985a4ee08ccd;1;2024-05-12 09:02:02;2025-09-01 04:46:36
54;Anderson Belarmino;anderson.belarmino@email.com;401.384.239-56;(44) 98887-7025;e5859d6ad6ecfdee1b75172b0415f3ec;1;2025-07-21 12:21:59;2025-08-01 13:07:49
55;Karina Estrela;karina.estrela@email.com;71125983660;41983633631;94897c551c2c154a233de74e65419895;1;2024-01-28 12:46:01;2025-04-12 07:59:47
56;Nelson Uchoa;nelson.uchoa@email.com;409.424.125-77;;b74a80f56e9d3503f18e2fe85fdc0bcc;1;20/11/2024 02:26:22;2025-04-26 17:08:50
57;Viviane Trindade;viviane.trindade@email.com;950.461.626-16;(41) 98504-1627;614a268f651b287fad0e1fe9e22eccf5;1;2025-03-05 17:03:03;2025-05-21 00:24:04
58;Adriano Rezende;adriano.rezende@email.com;278.101.951-80;(46) 99713-2113;ab0cd4a28fef34829ff35ddc1de16275;1;2025-05-07 20:01:25;2025-07-09 13:57:39
59;Silvia Bandeira;silvia.bandeira@email.com;197.295.744-21;(42) 98997-4504;4f23f4f50fd3fc5fe153a5458e41dcab;1;2025-07-21 06:48:41;2025-09-25 01:02:30
60;Murilo Espindola;murilo.espindola@email.com;49146017344;(47) 98355-4033;d8b71fd7671cad1502c2b7af26b2ec50;1;2025-04-29 12:29:08;2025-05-06 21:30:26
